{
    "model": {
        "state_dict": {
            "fc1.weight": [
                [
                    -0.37402084469795227,
                    -0.0373457707464695,
                    0.11993179470300674,
                    -0.3187679946422577
                ],
                [
                    -0.48660939931869507,
                    0.09616156667470932,
                    -0.3332963287830353,
                    -0.30148962140083313
                ],
                [
                    -0.5243129730224609,
                    -0.07890869677066803,
                    -0.5749868154525757,
                    -0.15424178540706635
                ],
                [
                    -0.22458304464817047,
                    -0.055003803223371506,
                    -0.4472433924674988,
                    0.4057624042034149
                ]
            ],
            "fc1.bias": [
                -0.47643861174583435,
                -0.09955830872058868,
                0.1440659761428833,
                0.06083409860730171
            ],
            "lif1.threshold": 1.0,
            "lif1.graded_spikes_factor": 1.0,
            "lif1.reset_mechanism_val": 0,
            "lif1.beta": 0.949999988079071,
            "fc2.weight": [
                [
                    -0.18065881729125977,
                    -0.4377521276473999,
                    0.36430007219314575,
                    0.022321753203868866
                ],
                [
                    -0.0282747745513916,
                    0.2312827706336975,
                    0.2813381254673004,
                    -0.4194585382938385
                ],
                [
                    0.07207220792770386,
                    -0.3049696683883667,
                    0.030627911910414696,
                    0.261273056268692
                ],
                [
                    -0.07945966720581055,
                    -0.06912463903427124,
                    -0.28083527088165283,
                    0.2415158450603485
                ],
                [
                    0.08218181133270264,
                    0.15664970874786377,
                    -0.2731788456439972,
                    0.1273733526468277
                ],
                [
                    -0.20816951990127563,
                    -0.11358451843261719,
                    0.010498788207769394,
                    0.4397199749946594
                ],
                [
                    0.4805498719215393,
                    0.48447948694229126,
                    -0.0016295984387397766,
                    0.3171399235725403
                ],
                [
                    0.27770352363586426,
                    -0.3365456461906433,
                    0.2958080768585205,
                    -0.05326133966445923
                ],
                [
                    0.3219362497329712,
                    -0.03165996074676514,
                    0.18493284285068512,
                    -0.46544086933135986
                ],
                [
                    0.08358287811279297,
                    -0.3280182480812073,
                    -0.032944563776254654,
                    -0.2964459955692291
                ]
            ],
            "fc2.bias": [
                0.3112388849258423,
                0.2180360108613968,
                0.2372589409351349,
                -0.02855185978114605,
                0.14115004241466522,
                0.11403179913759232,
                0.25328972935676575,
                0.29917508363723755,
                0.04745897278189659,
                -0.006859479937702417
            ],
            "lif2.threshold": 1.0,
            "lif2.graded_spikes_factor": 1.0,
            "lif2.reset_mechanism_val": 0,
            "lif2.beta": 0.949999988079071
        },
        "parameters": [
            [
                [
                    -0.37402084469795227,
                    -0.0373457707464695,
                    0.11993179470300674,
                    -0.3187679946422577
                ],
                [
                    -0.48660939931869507,
                    0.09616156667470932,
                    -0.3332963287830353,
                    -0.30148962140083313
                ],
                [
                    -0.5243129730224609,
                    -0.07890869677066803,
                    -0.5749868154525757,
                    -0.15424178540706635
                ],
                [
                    -0.22458304464817047,
                    -0.055003803223371506,
                    -0.4472433924674988,
                    0.4057624042034149
                ]
            ],
            [
                -0.47643861174583435,
                -0.09955830872058868,
                0.1440659761428833,
                0.06083409860730171
            ],
            [
                [
                    -0.18065881729125977,
                    -0.4377521276473999,
                    0.36430007219314575,
                    0.022321753203868866
                ],
                [
                    -0.0282747745513916,
                    0.2312827706336975,
                    0.2813381254673004,
                    -0.4194585382938385
                ],
                [
                    0.07207220792770386,
                    -0.3049696683883667,
                    0.030627911910414696,
                    0.261273056268692
                ],
                [
                    -0.07945966720581055,
                    -0.06912463903427124,
                    -0.28083527088165283,
                    0.2415158450603485
                ],
                [
                    0.08218181133270264,
                    0.15664970874786377,
                    -0.2731788456439972,
                    0.1273733526468277
                ],
                [
                    -0.20816951990127563,
                    -0.11358451843261719,
                    0.010498788207769394,
                    0.4397199749946594
                ],
                [
                    0.4805498719215393,
                    0.48447948694229126,
                    -0.0016295984387397766,
                    0.3171399235725403
                ],
                [
                    0.27770352363586426,
                    -0.3365456461906433,
                    0.2958080768585205,
                    -0.05326133966445923
                ],
                [
                    0.3219362497329712,
                    -0.03165996074676514,
                    0.18493284285068512,
                    -0.46544086933135986
                ],
                [
                    0.08358287811279297,
                    -0.3280182480812073,
                    -0.032944563776254654,
                    -0.2964459955692291
                ]
            ],
            [
                0.3112388849258423,
                0.2180360108613968,
                0.2372589409351349,
                -0.02855185978114605,
                0.14115004241466522,
                0.11403179913759232,
                0.25328972935676575,
                0.29917508363723755,
                0.04745897278189659,
                -0.006859479937702417
            ]
        ]
    },
    "optimizer": {
        "state": {
            "0": {
                "step": 468.0,